rbd,Region
1,Región de Arica y Parinacota
4,Región de Arica y Parinacota
5,Región de Arica y Parinacota
7,Región de Arica y Parinacota
8,Región de Arica y Parinacota
25,Región de Arica y Parinacota
32,Región de Arica y Parinacota
45,Región de Arica y Parinacota
50,Región de Arica y Parinacota
52,Región de Arica y Parinacota
56,Región de Arica y Parinacota
60,Región de Arica y Parinacota
67,Región de Arica y Parinacota
78,Región de Arica y Parinacota
97,Región de Tarapacá
106,Región de Tarapacá
107,Región de Tarapacá
108,Región de Tarapacá
109,Región de Tarapacá
110,Región de Tarapacá
124,Región de Tarapacá
125,Región de Tarapacá
127,Región de Tarapacá
129,Región de Tarapacá
130,Región de Tarapacá
131,Región de Tarapacá
132,Región de Tarapacá
133,Región de Tarapacá
134,Región de Tarapacá
144,Región de Tarapacá
161,Región de Tarapacá
178,Región de Tarapacá
191,Región de Tarapacá
199,Región de Antofagasta
200,Región de Antofagasta
208,Región de Antofagasta
211,Región de Antofagasta
217,Región de Antofagasta
218,Región de Antofagasta
219,Región de Antofagasta
220,Región de Antofagasta
253,Región de Antofagasta
254,Región de Antofagasta
255,Región de Antofagasta
256,Región de Antofagasta
268,Región de Tarapacá
270,Región de Antofagasta
279,Región de Antofagasta
280,Región de Antofagasta
283,Región de Antofagasta
284,Región de Antofagasta
285,Región de Antofagasta
286,Región de Antofagasta
287,Región de Antofagasta
304,Región de Antofagasta
329,Región de Antofagasta
335,Región de Antofagasta
336,Región de Antofagasta
337,Región de Antofagasta
341,Región de Antofagasta
342,Región de Antofagasta
344,Región de Antofagasta
350,Región de Antofagasta
356,Región de Antofagasta
367,Región de Antofagasta
371,Región de Antofagasta
372,Región de Antofagasta
373,Región de Antofagasta
379,Región de Atacama
384,Región de Atacama
392,Región de Atacama
396,Región de Atacama
399,Región de Atacama
400,Región de Atacama
420,Región de Atacama
429,Región de Atacama
430,Región de Atacama
431,Región de Atacama
433,Región de Atacama
437,Región de Atacama
438,Región de Atacama
440,Región de Atacama
441,Región de Atacama
448,Región de Atacama
449,Región de Atacama
478,Región de Atacama
479,Región de Atacama
486,Región de Atacama
516,Región de Coquimbo
517,Región de Coquimbo
518,Región de Coquimbo
521,Región de Coquimbo
523,Región de Coquimbo
526,Región de Coquimbo
530,Región de Coquimbo
535,Región de Coquimbo
536,Región de Coquimbo
565,Región de Coquimbo
567,Región de Coquimbo
568,Región de Coquimbo
570,Región de Coquimbo
573,Región de Coquimbo
574,Región de Coquimbo
575,Región de Coquimbo
578,Región de Coquimbo
579,Región de Coquimbo
583,Región de Coquimbo
589,Región de Coquimbo
597,Región de Coquimbo
599,Región de Atacama
609,Región de Coquimbo
610,Región de Coquimbo
611,Región de Coquimbo
616,Región de Coquimbo
629,Región de Coquimbo
646,Región de Coquimbo
647,Región de Coquimbo
648,Región de Coquimbo
649,Región de Coquimbo
650,Región de Coquimbo
656,Región de Coquimbo
664,Región de Coquimbo
665,Región de Coquimbo
668,Región de Coquimbo
690,Región de Coquimbo
701,Región de Coquimbo
704,Región de Coquimbo
705,Región de Coquimbo
708,Región de Coquimbo
763,Región de Coquimbo
766,Región de Coquimbo
767,Región de Coquimbo
768,Región de Coquimbo
769,Región de Coquimbo
772,Región de Coquimbo
774,Región de Coquimbo
799,Región de Coquimbo
802,Región de Coquimbo
845,Región de Coquimbo
967,Región de Coquimbo
968,Región de Coquimbo
982,Región de Coquimbo
987,Región de Coquimbo
988,Región de Coquimbo
1013,Región de Coquimbo
1036,Región de Coquimbo
1048,Región de Coquimbo
1119,Región de Valparaíso
1121,Región de Valparaíso
1123,Región de Valparaíso
1148,Región de Coquimbo
1149,Región de Coquimbo
1164,Región de Coquimbo
1167,Región de Valparaíso
1183,Región de Valparaíso
1184,Región de Valparaíso
1189,Región de Valparaíso
1190,Región de Valparaíso
1194,Región de Valparaíso
1195,Región de Valparaíso
1196,Región de Valparaíso
1198,Región de Valparaíso
1199,Región de Valparaíso
1213,Región de Valparaíso
1214,Región de Valparaíso
1255,Región de Valparaíso
1260,Región de Valparaíso
1261,Región de Valparaíso
1262,Región de Valparaíso
1263,Región de Valparaíso
1264,Región de Valparaíso
1289,Región de Valparaíso
1290,Región de Valparaíso
1291,Región de Valparaíso
1292,Región de Valparaíso
1294,Región de Valparaíso
1300,Región de Valparaíso
1301,Región de Valparaíso
1302,Región de Valparaíso
1316,Región de Valparaíso
1318,Región de Valparaíso
1327,Región de Valparaíso
1335,Región de Valparaíso
1347,Región de Valparaíso
1354,Región de Valparaíso
1361,Región de Valparaíso
1362,Región de Valparaíso
1363,Región de Valparaíso
1364,Región de Valparaíso
1366,Región de Valparaíso
1367,Región de Valparaíso
1368,Región de Valparaíso
1370,Región de Valparaíso
1371,Región de Valparaíso
1392,Región de Valparaíso
1393,Región de Valparaíso
1395,Región de Valparaíso
1397,Región de Valparaíso
1405,Región de Valparaíso
1414,Región de Valparaíso
1421,Región de Valparaíso
1422,Región de Valparaíso
1425,Región de Valparaíso
1436,Región de Valparaíso
1437,Región de Valparaíso
1443,Región de Valparaíso
1444,Región de Valparaíso
1445,Región de Valparaíso
1449,Región de Valparaíso
1450,Región de Valparaíso
1453,Región de Valparaíso
1464,Región Metropolitana de Santiago
1467,Región Metropolitana de Santiago
1468,Región Metropolitana de Santiago
1469,Región Metropolitana de Santiago
1478,Región Metropolitana de Santiago
1482,Región Metropolitana de Santiago
1484,Región Metropolitana de Santiago
1489,Región Metropolitana de Santiago
1490,Región Metropolitana de Santiago
1500,Región Metropolitana de Santiago
1502,Región Metropolitana de Santiago
1503,Región Metropolitana de Santiago
1504,Región Metropolitana de Santiago
1515,Región Metropolitana de Santiago
1516,Región Metropolitana de Santiago
1517,Región Metropolitana de Santiago
1518,Región Metropolitana de Santiago
1519,Región Metropolitana de Santiago
1520,Región Metropolitana de Santiago
1521,Región Metropolitana de Santiago
1522,Región Metropolitana de Santiago
1525,Región Metropolitana de Santiago
1542,Región Metropolitana de Santiago
1549,Región Metropolitana de Santiago
1579,Región Metropolitana de Santiago
1581,Región Metropolitana de Santiago
1582,Región Metropolitana de Santiago
1585,Región Metropolitana de Santiago
1586,Región Metropolitana de Santiago
1587,Región Metropolitana de Santiago
1588,Región Metropolitana de Santiago
1590,Región Metropolitana de Santiago
1594,Región Metropolitana de Santiago
1604,Región Metropolitana de Santiago
1607,Región Metropolitana de Santiago
1610,Región Metropolitana de Santiago
1619,Región de Valparaíso
1632,Región Metropolitana de Santiago
1635,Región Metropolitana de Santiago
1653,Región Metropolitana de Santiago
1657,Región Metropolitana de Santiago
1663,Región Metropolitana de Santiago
1664,Región Metropolitana de Santiago
1672,Región Metropolitana de Santiago
1674,Región Metropolitana de Santiago
1675,Región Metropolitana de Santiago
1676,Región Metropolitana de Santiago
1681,Región Metropolitana de Santiago
1685,Región Metropolitana de Santiago
1734,Región Metropolitana de Santiago
1735,Región Metropolitana de Santiago
1738,Región Metropolitana de Santiago
1739,Región Metropolitana de Santiago
1741,Región Metropolitana de Santiago
1742,Región Metropolitana de Santiago
1743,Región de Valparaíso
1747,Región Metropolitana de Santiago
1749,Región Metropolitana de Santiago
1750,Región Metropolitana de Santiago
1755,Región Metropolitana de Santiago
1756,Región Metropolitana de Santiago
1757,Región Metropolitana de Santiago
1761,Región Metropolitana de Santiago
1769,Región de Valparaíso
1795,Región Metropolitana de Santiago
1801,Región Metropolitana de Santiago
1851,Región de Valparaíso
1858,Región de Valparaíso
1859,Región de Valparaíso
1860,Región de Valparaíso
1863,Región de Valparaíso
1864,Región de Valparaíso
1867,Región de Valparaíso
1880,Región Metropolitana de Santiago
1881,Región Metropolitana de Santiago
1884,Región Metropolitana de Santiago
1886,Región Metropolitana de Santiago
1887,Región Metropolitana de Santiago
1889,Región Metropolitana de Santiago
1891,Región Metropolitana de Santiago
1895,Región Metropolitana de Santiago
1908,Región Metropolitana de Santiago
1909,Región Metropolitana de Santiago
1911,Región Metropolitana de Santiago
1918,Región Metropolitana de Santiago
1919,Región Metropolitana de Santiago
1923,Región Metropolitana de Santiago
1934,Región Metropolitana de Santiago
1941,Región Metropolitana de Santiago
1958,Región Metropolitana de Santiago
1959,Región Metropolitana de Santiago
1967,Región Metropolitana de Santiago
1969,Región Metropolitana de Santiago
1971,Región Metropolitana de Santiago
1977,Región Metropolitana de Santiago
1980,Región Metropolitana de Santiago
1987,Región Metropolitana de Santiago
1996,Región Metropolitana de Santiago
1997,Región Metropolitana de Santiago
2007,Región Metropolitana de Santiago
2009,Región de Valparaíso
2012,Región Metropolitana de Santiago
2013,Región Metropolitana de Santiago
2018,Región Metropolitana de Santiago
2019,Región Metropolitana de Santiago
2035,Región Metropolitana de Santiago
2040,Región Metropolitana de Santiago
2041,Región Metropolitana de Santiago
2042,Región Metropolitana de Santiago
2043,Región Metropolitana de Santiago
2044,Región Metropolitana de Santiago
2045,Región Metropolitana de Santiago
2047,Región Metropolitana de Santiago
2049,Región Metropolitana de Santiago
2050,Región Metropolitana de Santiago
2052,Región Metropolitana de Santiago
2055,Región Metropolitana de Santiago
2064,Región Metropolitana de Santiago
2066,Región Metropolitana de Santiago
2075,Región de Valparaíso
2078,Región de Valparaíso
2084,Región de Valparaíso
2090,Región de Valparaíso
2091,Región Metropolitana de Santiago
2099,Región Metropolitana de Santiago
2102,Región Metropolitana de Santiago
2103,Región Metropolitana de Santiago
2104,Región Metropolitana de Santiago
2105,Región Metropolitana de Santiago
2109,Región Metropolitana de Santiago
2110,Región Metropolitana de Santiago
2111,Región Metropolitana de Santiago
2123,Región Metropolitana de Santiago
2124,Región Metropolitana de Santiago
2134,Región Metropolitana de Santiago
2150,Región Metropolitana de Santiago
2162,Región Metropolitana de Santiago
2163,Región Metropolitana de Santiago
2164,Región Metropolitana de Santiago
2165,Región Metropolitana de Santiago
2166,Región Metropolitana de Santiago
2167,Región Metropolitana de Santiago
2171,Región Metropolitana de Santiago
2183,Región Metropolitana de Santiago
2205,Región Metropolitana de Santiago
2206,Región Metropolitana de Santiago
2217,Región Metropolitana de Santiago
2218,Región Metropolitana de Santiago
2219,Región Metropolitana de Santiago
2222,Región Metropolitana de Santiago
2224,Región Metropolitana de Santiago
2233,Región Metropolitana de Santiago
2244,Región Metropolitana de Santiago
2250,Región Metropolitana de Santiago
2251,Región Metropolitana de Santiago
2259,Región Metropolitana de Santiago
2263,Región Metropolitana de Santiago
2278,Región del Libertador Bernardo O'Higgins
2280,Región del Libertador Bernardo O'Higgins
2283,Región del Libertador Bernardo O'Higgins
2285,Región del Libertador Bernardo O'Higgins
2308,Región del Libertador Bernardo O'Higgins
2309,Región del Libertador Bernardo O'Higgins
2310,Región del Libertador Bernardo O'Higgins
2319,Región del Libertador Bernardo O'Higgins
2326,Región del Libertador Bernardo O'Higgins
2329,Región del Libertador Bernardo O'Higgins
2339,Región del Libertador Bernardo O'Higgins
2355,Región del Libertador Bernardo O'Higgins
2356,Región del Libertador Bernardo O'Higgins
2375,Región del Libertador Bernardo O'Higgins
2378,Región del Libertador Bernardo O'Higgins
2400,Región del Libertador Bernardo O'Higgins
2401,Región Metropolitana de Santiago
2406,Región del Libertador Bernardo O'Higgins
2411,Región Metropolitana de Santiago
2422,Región del Libertador Bernardo O'Higgins
2442,Región del Libertador Bernardo O'Higgins
2443,Región del Libertador Bernardo O'Higgins
2444,Región del Libertador Bernardo O'Higgins
2447,Región del Libertador Bernardo O'Higgins
2448,Región del Libertador Bernardo O'Higgins
2453,Región del Libertador Bernardo O'Higgins
2454,Región del Libertador Bernardo O'Higgins
2455,Región del Libertador Bernardo O'Higgins
2485,Región del Libertador Bernardo O'Higgins
2486,Región del Libertador Bernardo O'Higgins
2514,Región del Libertador Bernardo O'Higgins
2518,Región del Libertador Bernardo O'Higgins
2530,Región del Libertador Bernardo O'Higgins
2551,Región del Libertador Bernardo O'Higgins
2552,Región del Libertador Bernardo O'Higgins
2579,Región del Libertador Bernardo O'Higgins
2580,Región del Libertador Bernardo O'Higgins
2583,Región del Libertador Bernardo O'Higgins
2599,Región del Libertador Bernardo O'Higgins
2612,Región del Libertador Bernardo O'Higgins
2625,Región del Libertador Bernardo O'Higgins
2635,Región del Libertador Bernardo O'Higgins
2656,Región del Libertador Bernardo O'Higgins
2657,Región del Libertador Bernardo O'Higgins
2681,Región del Libertador Bernardo O'Higgins
2694,Región del Libertador Bernardo O'Higgins
2701,Región del Libertador Bernardo O'Higgins
2732,Región del Libertador Bernardo O'Higgins
2733,Región del Libertador Bernardo O'Higgins
2737,Región del Libertador Bernardo O'Higgins
2782,Región del Libertador Bernardo O'Higgins
2785,Región del Libertador Bernardo O'Higgins
2787,Región del Libertador Bernardo O'Higgins
2793,Región del Libertador Bernardo O'Higgins
2794,Región del Libertador Bernardo O'Higgins
2835,Región del Maule
2836,Región del Libertador Bernardo O'Higgins
2863,Región del Maule
2865,Región del Libertador Bernardo O'Higgins
2882,Región del Libertador Bernardo O'Higgins
2884,Región del Libertador Bernardo O'Higgins
2896,Región del Libertador Bernardo O'Higgins
2908,Región del Libertador Bernardo O'Higgins
2909,Región del Libertador Bernardo O'Higgins
2910,Región del Libertador Bernardo O'Higgins
2934,Región del Maule
2935,Región del Maule
2937,Región del Maule
2938,Región del Maule
2939,Región del Maule
2940,Región del Maule
2943,Región del Maule
2973,Región del Maule
2979,Región del Maule
2990,Región del Maule
2991,Región del Maule
2992,Región del Maule
2995,Región del Maule
2997,Región del Maule
3003,Región del Maule
3005,Región del Maule
3006,Región del Maule
3010,Región del Maule
3013,Región del Maule
3016,Región del Maule
3033,Región del Maule
3055,Región del Maule
3059,Región del Maule
3108,Región del Maule
3110,Región del Maule
3126,Región del Maule
3127,Región del Maule
3128,Región del Maule
3138,Región del Maule
3163,Región del Maule
3165,Región del Maule
3172,Región del Maule
3173,Región del Maule
3202,Región del Maule
3205,Región del Libertador Bernardo O'Higgins
3247,Región del Maule
3248,Región del Maule
3250,Región del Maule
3252,Región del Maule
3290,Región del Maule
3296,Región del Maule
3298,Región del Maule
3300,Región del Maule
3302,Región del Maule
3303,Región del Maule
3304,Región del Maule
3305,Región del Maule
3308,Región del Maule
3311,Región del Maule
3313,Región del Maule
3317,Región del Maule
3327,Región del Maule
3328,Región del Maule
3348,Región del Maule
3359,Región del Maule
3387,Región del Maule
3393,Región del Maule
3400,Región de Ñuble
3430,Región del Maule
3431,Región del Maule
3432,Región del Maule
3433,Región del Maule
3434,Región del Maule
3442,Región del Maule
3443,Región del Maule
3460,Región del Maule
3461,Región del Maule
3478,Región del Maule
3479,Región del Maule
3480,Región del Maule
3530,Región del Maule
3531,Región del Maule
3532,Región del Maule
3533,Región del Maule
3538,Región del Maule
3539,Región del Maule
3540,Región del Maule
3608,Región del Maule
3609,Región del Maule
3618,Región del Maule
3638,Región de Ñuble
3639,Región de Ñuble
3640,Región de Ñuble
3641,Región de Ñuble
3642,Región de Ñuble
3643,Región de Ñuble
3656,Región de Ñuble
3657,Región de Ñuble
3662,Región de Ñuble
3711,Región de Ñuble
3713,Región de Ñuble
3718,Región de Ñuble
3719,Región de Ñuble
3723,Región de Ñuble
3724,Región de Ñuble
3728,Región de Ñuble
3730,Región de Ñuble
3733,Región de Ñuble
3735,Región de Ñuble
3739,Región de Ñuble
3742,Región de Ñuble
3795,Región de Ñuble
3796,Región de Ñuble
3797,Región de Ñuble
3800,Región de Ñuble
3802,Región de Ñuble
3823,Región de Ñuble
3865,Región de Ñuble
3871,Región de Ñuble
3885,Región de Ñuble
3886,Región de Ñuble
3887,Región de Ñuble
3888,Región de Ñuble
3907,Región de Ñuble
3909,Región de Ñuble
3940,Región de Ñuble
3941,Región de Ñuble
3960,Región de Ñuble
3961,Región de Ñuble
3976,Región de Ñuble
3977,Región de Ñuble
3998,Región de Ñuble
4025,Región de Ñuble
4032,Región de Ñuble
4034,Región de Ñuble
4043,Región de Ñuble
4049,Región de Ñuble
4052,Región de Ñuble
4084,Región del Maule
4102,Región de Ñuble
4124,Región de Ñuble
4140,Región de Ñuble
4141,Región de Ñuble
4160,Región del Bío-Bío
4162,Región del Bío-Bío
4163,Región del Bío-Bío
4164,Región del Bío-Bío
4165,Región del Bío-Bío
4166,Región del Bío-Bío
4190,Región del Bío-Bío
4195,Región del Bío-Bío
4262,Región del Bío-Bío
4263,Región del Bío-Bío
4269,Región del Bío-Bío
4270,Región del Bío-Bío
4277,Región del Bío-Bío
4287,Región del Bío-Bío
4288,Región de Ñuble
4289,Región de Ñuble
4292,Región del Bío-Bío
4307,Región de Ñuble
4309,Región del Bío-Bío
4310,Región del Bío-Bío
4324,Región del Bío-Bío
4331,Región del Bío-Bío
4333,Región del Bío-Bío
4353,Región del Bío-Bío
4382,Región del Bío-Bío
4392,Región del Bío-Bío
4404,Región del Bío-Bío
4408,Región del Bío-Bío
4446,Región del Bío-Bío
4451,Región del Bío-Bío
4483,Región del Bío-Bío
4500,Región del Bío-Bío
4505,Región de Ñuble
4507,Región de Ñuble
4509,Región del Bío-Bío
4530,Región de Ñuble
4531,Región de Ñuble
4533,Región de Ñuble
4534,Región de Ñuble
4535,Región de Ñuble
4536,Región de Ñuble
4553,Región de Ñuble
4555,Región de Ñuble
4557,Región de Ñuble
4559,Región de Ñuble
4560,Región de Ñuble
4561,Región de Ñuble
4562,Región de Ñuble
4563,Región de Ñuble
4564,Región de Ñuble
4565,Región de Ñuble
4571,Región de Ñuble
4572,Región de Ñuble
4574,Región de Ñuble
4575,Región de Ñuble
4577,Región de Ñuble
4585,Región de Ñuble
4588,Región de Ñuble
4589,Región de Ñuble
4591,Región de Ñuble
4616,Región de Ñuble
4617,Región de Ñuble
4630,Región de Ñuble
4631,Región de Ñuble
4636,Región de Ñuble
4644,Región de Ñuble
4646,Región de Ñuble
4655,Región de Ñuble
4656,Región de Ñuble
4659,Región de Ñuble
4662,Región de Ñuble
4663,Región de Ñuble
4664,Región de Ñuble
4666,Región de Ñuble
4667,Región de Ñuble
4669,Región de Ñuble
4672,Región de Ñuble
4677,Región de Ñuble
4691,Región de Ñuble
4700,Región de Ñuble
4702,Región de Ñuble
4703,Región de Ñuble
4706,Región de Ñuble
4707,Región de Ñuble
4708,Región de Ñuble
4709,Región de Ñuble
4712,Región de Ñuble
4715,Región de Ñuble
4717,Región de Ñuble
4733,Región de Ñuble
4760,Región de Ñuble
4762,Región de Ñuble
4778,Región de Ñuble
4779,Región de Ñuble
4782,Región de Ñuble
4785,Región de Ñuble
4790,Región de Ñuble
4805,Región de Ñuble
4806,Región de Ñuble
4822,Región de Ñuble
4824,Región de Ñuble
4825,Región de Ñuble
4829,Región de Ñuble
4830,Región de Ñuble
4865,Región de Ñuble
4868,Región de Ñuble
4870,Región de Ñuble
4871,Región de Ñuble
4897,Región de Ñuble
4922,Región de Ñuble
4925,Región del Bío-Bío
4948,Región de Ñuble
4949,Región de Ñuble
4951,Región de Ñuble
4952,Región de Ñuble
4958,Región de Ñuble
4969,Región de Ñuble
4973,Región de Ñuble
4975,Región de Ñuble
4977,Región de Ñuble
4982,Región de Ñuble
4983,Región de Ñuble
4984,Región de Ñuble
5002,Región de Ñuble
5021,Región del Bío-Bío
5024,Región del Bío-Bío
5026,Región del Bío-Bío
5039,Región del Bío-Bío
5048,Región del Bío-Bío
5057,Región del Bío-Bío
5082,Región del Bío-Bío
5104,Región del Bío-Bío
5105,Región del Bío-Bío
5109,Región del Bío-Bío
5113,Región del Bío-Bío
5122,Región del Bío-Bío
5126,Región del Bío-Bío
5131,Región del Bío-Bío
5150,Región del Bío-Bío
5153,Región del Bío-Bío
5155,Región del Bío-Bío
5215,Región del Bío-Bío
5216,Región del Bío-Bío
5218,Región del Bío-Bío
5219,Región del Bío-Bío
5264,Región del Bío-Bío
5265,Región del Bío-Bío
5267,Región del Bío-Bío
5270,Región del Bío-Bío
5274,Región del Bío-Bío
5282,Región del Bío-Bío
5315,Región del Bío-Bío
5323,Región del Bío-Bío
5343,Región de La Araucanía
5344,Región de La Araucanía
5374,Región del Bío-Bío
5393,Región del Bío-Bío
5394,Región del Bío-Bío
5434,Región del Bío-Bío
5435,Región del Bío-Bío
5439,Región del Bío-Bío
5440,Región del Bío-Bío
5465,Región del Bío-Bío
5467,Región del Bío-Bío
5507,Región del Bío-Bío
5509,Región del Bío-Bío
5565,Región de La Araucanía
5566,Región de La Araucanía
5567,Región de La Araucanía
5568,Región de La Araucanía
5569,Región de La Araucanía
5570,Región de La Araucanía
5574,Región de La Araucanía
5590,Región de La Araucanía
5597,Región de La Araucanía
5613,Región de La Araucanía
5652,Región de La Araucanía
5653,Región de La Araucanía
5654,Región de La Araucanía
5655,Región de La Araucanía
5656,Región de La Araucanía
5658,Región de La Araucanía
5659,Región de La Araucanía
5661,Región de La Araucanía
5662,Región de La Araucanía
5663,Región de La Araucanía
5666,Región de La Araucanía
5669,Región de La Araucanía
5670,Región de La Araucanía
5697,Región de La Araucanía
5703,Región de La Araucanía
5713,Región de La Araucanía
5720,Región de La Araucanía
5806,Región de La Araucanía
5813,Región de La Araucanía
5814,Región de La Araucanía
5816,Región de La Araucanía
5823,Región de La Araucanía
5879,Región de La Araucanía
5897,Región de La Araucanía
5921,Región de La Araucanía
5923,Región de La Araucanía
5957,Región de La Araucanía
5959,Región de La Araucanía
5992,Región de La Araucanía
6007,Región de La Araucanía
6027,Región de La Araucanía
6051,Región de La Araucanía
6052,Región de La Araucanía
6070,Región de La Araucanía
6084,Región de La Araucanía
6085,Región de La Araucanía
6112,Región de La Araucanía
6113,Región de La Araucanía
6115,Región de La Araucanía
6118,Región de La Araucanía
6119,Región de La Araucanía
6120,Región de La Araucanía
6122,Región de La Araucanía
6135,Región de La Araucanía
6163,Región de La Araucanía
6188,Región de La Araucanía
6210,Región de La Araucanía
6223,Región de La Araucanía
6230,Región de La Araucanía
6252,Región de La Araucanía
6253,Región de La Araucanía
6267,Región de La Araucanía
6269,Región de La Araucanía
6270,Región de La Araucanía
6301,Región de La Araucanía
6302,Región de La Araucanía
6336,Región de La Araucanía
6348,Región de La Araucanía
6397,Región de La Araucanía
6398,Región de La Araucanía
6452,Región de La Araucanía
6465,Región de La Araucanía
6496,Región de La Araucanía
6497,Región de La Araucanía
6500,Región de La Araucanía
6584,Región de La Araucanía
6585,Región de La Araucanía
6586,Región de La Araucanía
6641,Región de La Araucanía
6643,Región de La Araucanía
6644,Región de La Araucanía
6649,Región de La Araucanía
6650,Región de La Araucanía
6708,Región de La Araucanía
6751,Región de Los Ríos
6752,Región de Los Ríos
6753,Región de Los Ríos
6754,Región de Los Ríos
6755,Región de Los Ríos
6757,Región de Los Ríos
6766,Región de Los Ríos
6773,Región de Los Ríos
6826,Región de Los Ríos
6828,Región de Los Ríos
6829,Región de Los Ríos
6830,Región de Los Ríos
6832,Región de Los Ríos
6834,Región de Los Ríos
6835,Región de Los Ríos
6836,Región de Los Ríos
6846,Región de La Araucanía
6853,Región de La Araucanía
6895,Región de La Araucanía
6896,Región de La Araucanía
6897,Región de La Araucanía
6899,Región de La Araucanía
6922,Región de La Araucanía
6925,Región de La Araucanía
6929,Región de Los Ríos
6983,Región de Los Ríos
7004,Región de Los Ríos
7006,Región de Los Ríos
7015,Región de Los Ríos
7031,Región de Los Ríos
7044,Región de Los Ríos
7049,Región de La Araucanía
7085,Región de Los Ríos
7102,Región de La Araucanía
7128,Región de Los Ríos
7129,Región de Los Ríos
7135,Región de Los Ríos
7181,Región de Los Ríos
7183,Región de Los Ríos
7200,Región de Los Ríos
7202,Región de Los Ríos
7203,Región de Los Ríos
7231,Región de Los Ríos
7236,Región de Los Ríos
7240,Región de Los Ríos
7276,Región de Los Ríos
7299,Región de Los Ríos
7325,Región de Los Ríos
7326,Región de Los Ríos
7328,Región de Los Ríos
7329,Región de Los Ríos
7331,Región de Los Ríos
7388,Región de Los Ríos
7401,Región de Los Ríos
7441,Región de Los Ríos
7470,Región de Los Ríos
7505,Región de Los Lagos
7536,Región de Los Lagos
7542,Región de Los Lagos
7544,Región de Los Lagos
7572,Región de Los Lagos
7578,Región de Los Lagos
7614,Región de Los Ríos
7625,Región de Los Lagos
7626,Región de Los Lagos
7627,Región de Los Lagos
7628,Región de Los Lagos
7629,Región de Los Lagos
7639,Región de Los Lagos
7651,Región de Los Lagos
7699,Región de Los Lagos
7701,Región de Los Lagos
7705,Región de Los Lagos
7706,Región de Los Lagos
7707,Región de Los Lagos
7709,Región de Los Lagos
7720,Región de Los Lagos
7722,Región de Los Lagos
7724,Región de Los Lagos
7740,Región de Los Lagos
7743,Región de Los Lagos
7744,Región de Los Lagos
7753,Región de Los Lagos
7760,Región de Los Lagos
7772,Región de Los Lagos
7773,Región de Los Lagos
7775,Región de Los Lagos
7776,Región de Los Lagos
7826,Región de Los Lagos
7830,Región de Los Lagos
7872,Región de Los Lagos
7907,Región de Los Lagos
7941,Región de Los Lagos
7942,Región de Los Lagos
7956,Región de Los Lagos
7959,Región de Los Lagos
7973,Región de Los Lagos
7989,Región de Los Lagos
8001,Región de Los Lagos
8002,Región de Los Lagos
8005,Región de Los Lagos
8044,Región de Los Lagos
8105,Región de Los Lagos
8108,Región de Los Lagos
8109,Región de Los Lagos
8111,Región de Los Lagos
8162,Región de Los Lagos
8174,Región de Los Lagos
8194,Región de Los Lagos
8195,Región de Los Lagos
8206,Región de Los Lagos
8255,Región de Los Lagos
8309,Región de Los Lagos
8310,Región de Los Lagos
8331,Región de Los Lagos
8339,Región de Los Lagos
8345,Región de Aysén del Gral.Ibañez del Campo
8352,Región de Aysén del Gral.Ibañez del Campo
8365,Región de Aysén del Gral.Ibañez del Campo
8367,Región de Aysén del Gral.Ibañez del Campo
8369,Región de Aysén del Gral.Ibañez del Campo
8375,Región de Aysén del Gral.Ibañez del Campo
8379,Región de Aysén del Gral.Ibañez del Campo
8380,Región de Aysén del Gral.Ibañez del Campo
8391,Región de Los Lagos
8392,Región de Los Lagos
8394,Región de Aysén del Gral.Ibañez del Campo
8403,Región de Aysén del Gral.Ibañez del Campo
8409,Región de Aysén del Gral.Ibañez del Campo
8411,Región de Magallanes y Antártica Chilena
8421,Región de Magallanes y Antártica Chilena
8422,Región de Magallanes y Antártica Chilena
8424,Región de Magallanes y Antártica Chilena
8425,Región de Magallanes y Antártica Chilena
8427,Región de Magallanes y Antártica Chilena
8429,Región de Magallanes y Antártica Chilena
8430,Región de Magallanes y Antártica Chilena
8442,Región de Magallanes y Antártica Chilena
8454,Región de Magallanes y Antártica Chilena
8455,Región de Magallanes y Antártica Chilena
8457,Región de Magallanes y Antártica Chilena
8458,Región de Magallanes y Antártica Chilena
8474,Región de Magallanes y Antártica Chilena
8483,Región de Magallanes y Antártica Chilena
8485,Región Metropolitana de Santiago
8487,Región Metropolitana de Santiago
8488,Región Metropolitana de Santiago
8489,Región Metropolitana de Santiago
8490,Región Metropolitana de Santiago
8491,Región Metropolitana de Santiago
8492,Región Metropolitana de Santiago
8494,Región Metropolitana de Santiago
8495,Región Metropolitana de Santiago
8496,Región Metropolitana de Santiago
8497,Región Metropolitana de Santiago
8498,Región Metropolitana de Santiago
8499,Región Metropolitana de Santiago
8500,Región Metropolitana de Santiago
8501,Región Metropolitana de Santiago
8502,Región Metropolitana de Santiago
8503,Región Metropolitana de Santiago
8504,Región Metropolitana de Santiago
8505,Región Metropolitana de Santiago
8506,Región Metropolitana de Santiago
8507,Región Metropolitana de Santiago
8508,Región Metropolitana de Santiago
8510,Región Metropolitana de Santiago
8514,Región Metropolitana de Santiago
8518,Región Metropolitana de Santiago
8535,Región Metropolitana de Santiago
8542,Región Metropolitana de Santiago
8589,Región Metropolitana de Santiago
8592,Región Metropolitana de Santiago
8598,Región Metropolitana de Santiago
8601,Región Metropolitana de Santiago
8603,Región Metropolitana de Santiago
8604,Región Metropolitana de Santiago
8611,Región Metropolitana de Santiago
8613,Región Metropolitana de Santiago
8614,Región Metropolitana de Santiago
8616,Región Metropolitana de Santiago
8617,Región Metropolitana de Santiago
8620,Región Metropolitana de Santiago
8625,Región Metropolitana de Santiago
8627,Región Metropolitana de Santiago
8629,Región Metropolitana de Santiago
8631,Región Metropolitana de Santiago
8632,Región Metropolitana de Santiago
8634,Región Metropolitana de Santiago
8636,Región Metropolitana de Santiago
8639,Región Metropolitana de Santiago
8643,Región Metropolitana de Santiago
8645,Región Metropolitana de Santiago
8649,Región Metropolitana de Santiago
8650,Región Metropolitana de Santiago
8652,Región Metropolitana de Santiago
8654,Región Metropolitana de Santiago
8657,Región Metropolitana de Santiago
8658,Región Metropolitana de Santiago
8663,Región Metropolitana de Santiago
8666,Región Metropolitana de Santiago
8671,Región Metropolitana de Santiago
8675,Región Metropolitana de Santiago
8676,Región Metropolitana de Santiago
8680,Región Metropolitana de Santiago
8681,Región Metropolitana de Santiago
8682,Región Metropolitana de Santiago
8697,Región Metropolitana de Santiago
8715,Región Metropolitana de Santiago
8724,Región Metropolitana de Santiago
8740,Región Metropolitana de Santiago
8756,Región Metropolitana de Santiago
8791,Región Metropolitana de Santiago
8811,Región Metropolitana de Santiago
8812,Región Metropolitana de Santiago
8813,Región Metropolitana de Santiago
8814,Región Metropolitana de Santiago
8815,Región Metropolitana de Santiago
8818,Región Metropolitana de Santiago
8819,Región Metropolitana de Santiago
8821,Región Metropolitana de Santiago
8822,Región Metropolitana de Santiago
8825,Región Metropolitana de Santiago
8827,Región Metropolitana de Santiago
8828,Región Metropolitana de Santiago
8833,Región Metropolitana de Santiago
8835,Región Metropolitana de Santiago
8841,Región Metropolitana de Santiago
8849,Región Metropolitana de Santiago
8854,Región Metropolitana de Santiago
8925,Región Metropolitana de Santiago
8926,Región Metropolitana de Santiago
8927,Región Metropolitana de Santiago
8928,Región Metropolitana de Santiago
8930,Región Metropolitana de Santiago
8938,Región Metropolitana de Santiago
8944,Región Metropolitana de Santiago
8945,Región Metropolitana de Santiago
8954,Región Metropolitana de Santiago
8997,Región Metropolitana de Santiago
9006,Región Metropolitana de Santiago
9007,Región Metropolitana de Santiago
9008,Región Metropolitana de Santiago
9020,Región Metropolitana de Santiago
9033,Región Metropolitana de Santiago
9058,Región Metropolitana de Santiago
9060,Región Metropolitana de Santiago
9061,Región Metropolitana de Santiago
9063,Región Metropolitana de Santiago
9064,Región Metropolitana de Santiago
9065,Región Metropolitana de Santiago
9069,Región Metropolitana de Santiago
9071,Región Metropolitana de Santiago
9072,Región Metropolitana de Santiago
9073,Región Metropolitana de Santiago
9074,Región Metropolitana de Santiago
9075,Región Metropolitana de Santiago
9077,Región Metropolitana de Santiago
9078,Región Metropolitana de Santiago
9082,Región Metropolitana de Santiago
9087,Región Metropolitana de Santiago
9088,Región Metropolitana de Santiago
9100,Región Metropolitana de Santiago
9105,Región Metropolitana de Santiago
9106,Región Metropolitana de Santiago
9111,Región Metropolitana de Santiago
9117,Región Metropolitana de Santiago
9140,Región Metropolitana de Santiago
9147,Región Metropolitana de Santiago
9150,Región Metropolitana de Santiago
9151,Región Metropolitana de Santiago
9158,Región Metropolitana de Santiago
9164,Región Metropolitana de Santiago
9168,Región Metropolitana de Santiago
9172,Región Metropolitana de Santiago
9179,Región Metropolitana de Santiago
9182,Región Metropolitana de Santiago
9183,Región Metropolitana de Santiago
9184,Región Metropolitana de Santiago
9185,Región Metropolitana de Santiago
9194,Región Metropolitana de Santiago
9200,Región Metropolitana de Santiago
9208,Región Metropolitana de Santiago
9209,Región Metropolitana de Santiago
9213,Región Metropolitana de Santiago
9281,Región Metropolitana de Santiago
9283,Región Metropolitana de Santiago
9285,Región Metropolitana de Santiago
9288,Región Metropolitana de Santiago
9292,Región Metropolitana de Santiago
9293,Región Metropolitana de Santiago
9294,Región Metropolitana de Santiago
9298,Región Metropolitana de Santiago
9312,Región Metropolitana de Santiago
9317,Región Metropolitana de Santiago
9318,Región Metropolitana de Santiago
9324,Región Metropolitana de Santiago
9328,Región Metropolitana de Santiago
9332,Región Metropolitana de Santiago
9339,Región Metropolitana de Santiago
9340,Región Metropolitana de Santiago
9347,Región Metropolitana de Santiago
9356,Región Metropolitana de Santiago
9362,Región Metropolitana de Santiago
9369,Región Metropolitana de Santiago
9373,Región Metropolitana de Santiago
9375,Región Metropolitana de Santiago
9377,Región Metropolitana de Santiago
9385,Región Metropolitana de Santiago
9405,Región Metropolitana de Santiago
9406,Región Metropolitana de Santiago
9407,Región Metropolitana de Santiago
9408,Región Metropolitana de Santiago
9409,Región Metropolitana de Santiago
9410,Región Metropolitana de Santiago
9411,Región Metropolitana de Santiago
9419,Región Metropolitana de Santiago
9422,Región Metropolitana de Santiago
9472,Región Metropolitana de Santiago
9484,Región Metropolitana de Santiago
9486,Región Metropolitana de Santiago
9487,Región Metropolitana de Santiago
9489,Región Metropolitana de Santiago
9500,Región Metropolitana de Santiago
9502,Región Metropolitana de Santiago
9504,Región Metropolitana de Santiago
9505,Región Metropolitana de Santiago
9519,Región Metropolitana de Santiago
9534,Región Metropolitana de Santiago
9553,Región Metropolitana de Santiago
9564,Región Metropolitana de Santiago
9570,Región Metropolitana de Santiago
9579,Región Metropolitana de Santiago
9581,Región Metropolitana de Santiago
9582,Región Metropolitana de Santiago
9583,Región Metropolitana de Santiago
9584,Región Metropolitana de Santiago
9587,Región Metropolitana de Santiago
9599,Región Metropolitana de Santiago
9601,Región Metropolitana de Santiago
9608,Región Metropolitana de Santiago
9634,Región Metropolitana de Santiago
9637,Región Metropolitana de Santiago
9638,Región Metropolitana de Santiago
9646,Región Metropolitana de Santiago
9647,Región Metropolitana de Santiago
9655,Región Metropolitana de Santiago
9656,Región Metropolitana de Santiago
9659,Región Metropolitana de Santiago
9660,Región Metropolitana de Santiago
9665,Región Metropolitana de Santiago
9666,Región Metropolitana de Santiago
9668,Región Metropolitana de Santiago
9673,Región Metropolitana de Santiago
9684,Región Metropolitana de Santiago
9686,Región Metropolitana de Santiago
9687,Región Metropolitana de Santiago
9688,Región Metropolitana de Santiago
9690,Región Metropolitana de Santiago
9693,Región Metropolitana de Santiago
9694,Región Metropolitana de Santiago
9695,Región Metropolitana de Santiago
9697,Región Metropolitana de Santiago
9701,Región Metropolitana de Santiago
9722,Región Metropolitana de Santiago
9726,Región Metropolitana de Santiago
9754,Región Metropolitana de Santiago
9757,Región Metropolitana de Santiago
9758,Región Metropolitana de Santiago
9759,Región Metropolitana de Santiago
9766,Región Metropolitana de Santiago
9767,Región Metropolitana de Santiago
9768,Región Metropolitana de Santiago
9771,Región Metropolitana de Santiago
9779,Región Metropolitana de Santiago
9780,Región Metropolitana de Santiago
9781,Región Metropolitana de Santiago
9784,Región Metropolitana de Santiago
9796,Región Metropolitana de Santiago
9797,Región Metropolitana de Santiago
9799,Región Metropolitana de Santiago
9800,Región Metropolitana de Santiago
9801,Región Metropolitana de Santiago
9810,Región Metropolitana de Santiago
9824,Región Metropolitana de Santiago
9827,Región Metropolitana de Santiago
9828,Región Metropolitana de Santiago
9829,Región Metropolitana de Santiago
9834,Región Metropolitana de Santiago
9844,Región Metropolitana de Santiago
9845,Región Metropolitana de Santiago
9852,Región Metropolitana de Santiago
9853,Región Metropolitana de Santiago
9860,Región Metropolitana de Santiago
9861,Región Metropolitana de Santiago
9862,Región Metropolitana de Santiago
9863,Región Metropolitana de Santiago
9864,Región Metropolitana de Santiago
9865,Región Metropolitana de Santiago
9866,Región Metropolitana de Santiago
9867,Región Metropolitana de Santiago
9887,Región Metropolitana de Santiago
9889,Región Metropolitana de Santiago
9896,Región Metropolitana de Santiago
9897,Región Metropolitana de Santiago
9900,Región Metropolitana de Santiago
9903,Región Metropolitana de Santiago
9905,Región Metropolitana de Santiago
9906,Región Metropolitana de Santiago
9907,Región Metropolitana de Santiago
9909,Región Metropolitana de Santiago
9910,Región Metropolitana de Santiago
9911,Región Metropolitana de Santiago
9912,Región Metropolitana de Santiago
9917,Región Metropolitana de Santiago
9919,Región Metropolitana de Santiago
9924,Región Metropolitana de Santiago
9926,Región Metropolitana de Santiago
9930,Región Metropolitana de Santiago
9937,Región Metropolitana de Santiago
9940,Región Metropolitana de Santiago
9942,Región Metropolitana de Santiago
9945,Región Metropolitana de Santiago
9947,Región Metropolitana de Santiago
9950,Región Metropolitana de Santiago
9955,Región Metropolitana de Santiago
9957,Región Metropolitana de Santiago
9959,Región Metropolitana de Santiago
9960,Región Metropolitana de Santiago
9967,Región Metropolitana de Santiago
9972,Región Metropolitana de Santiago
9973,Región Metropolitana de Santiago
9979,Región Metropolitana de Santiago
9981,Región Metropolitana de Santiago
9982,Región Metropolitana de Santiago
9985,Región Metropolitana de Santiago
9986,Región Metropolitana de Santiago
10023,Región Metropolitana de Santiago
10030,Región Metropolitana de Santiago
10042,Región Metropolitana de Santiago
10044,Región Metropolitana de Santiago
10052,Región Metropolitana de Santiago
10058,Región Metropolitana de Santiago
10069,Región Metropolitana de Santiago
10073,Región Metropolitana de Santiago
10075,Región Metropolitana de Santiago
10076,Región Metropolitana de Santiago
10077,Región Metropolitana de Santiago
10087,Región Metropolitana de Santiago
10091,Región Metropolitana de Santiago
10106,Región Metropolitana de Santiago
10126,Región Metropolitana de Santiago
10130,Región Metropolitana de Santiago
10140,Región Metropolitana de Santiago
10158,Región Metropolitana de Santiago
10162,Región Metropolitana de Santiago
10164,Región Metropolitana de Santiago
10187,Región Metropolitana de Santiago
10196,Región Metropolitana de Santiago
10199,Región Metropolitana de Santiago
10210,Región Metropolitana de Santiago
10220,Región Metropolitana de Santiago
10223,Región Metropolitana de Santiago
10224,Región Metropolitana de Santiago
10232,Región Metropolitana de Santiago
10240,Región Metropolitana de Santiago
10246,Región Metropolitana de Santiago
10248,Región Metropolitana de Santiago
10250,Región Metropolitana de Santiago
10251,Región Metropolitana de Santiago
10252,Región Metropolitana de Santiago
10253,Región Metropolitana de Santiago
10254,Región Metropolitana de Santiago
10255,Región Metropolitana de Santiago
10259,Región Metropolitana de Santiago
10269,Región Metropolitana de Santiago
10313,Región Metropolitana de Santiago
10315,Región Metropolitana de Santiago
10320,Región Metropolitana de Santiago
10329,Región Metropolitana de Santiago
10337,Región Metropolitana de Santiago
10344,Región Metropolitana de Santiago
10350,Región Metropolitana de Santiago
10377,Región Metropolitana de Santiago
10385,Región Metropolitana de Santiago
10396,Región Metropolitana de Santiago
10397,Región Metropolitana de Santiago
10399,Región Metropolitana de Santiago
10401,Región Metropolitana de Santiago
10405,Región Metropolitana de Santiago
10408,Región Metropolitana de Santiago
10415,Región Metropolitana de Santiago
10419,Región Metropolitana de Santiago
10432,Región Metropolitana de Santiago
10433,Región Metropolitana de Santiago
10450,Región Metropolitana de Santiago
10452,Región Metropolitana de Santiago
10453,Región Metropolitana de Santiago
10455,Región Metropolitana de Santiago
10456,Región Metropolitana de Santiago
10457,Región Metropolitana de Santiago
10470,Región Metropolitana de Santiago
10479,Región Metropolitana de Santiago
10482,Región Metropolitana de Santiago
10484,Región Metropolitana de Santiago
10487,Región Metropolitana de Santiago
10489,Región Metropolitana de Santiago
10491,Región Metropolitana de Santiago
10492,Región Metropolitana de Santiago
10493,Región Metropolitana de Santiago
10496,Región Metropolitana de Santiago
10500,Región Metropolitana de Santiago
10501,Región Metropolitana de Santiago
10503,Región Metropolitana de Santiago
10505,Región Metropolitana de Santiago
10506,Región Metropolitana de Santiago
10507,Región Metropolitana de Santiago
10515,Región Metropolitana de Santiago
10516,Región Metropolitana de Santiago
10520,Región Metropolitana de Santiago
10526,Región Metropolitana de Santiago
10540,Región Metropolitana de Santiago
10541,Región Metropolitana de Santiago
10542,Región Metropolitana de Santiago
10543,Región Metropolitana de Santiago
10544,Región Metropolitana de Santiago
10545,Región Metropolitana de Santiago
10551,Región Metropolitana de Santiago
10573,Región Metropolitana de Santiago
10588,Región Metropolitana de Santiago
10592,Región Metropolitana de Santiago
10594,Región Metropolitana de Santiago
10600,Región Metropolitana de Santiago
10604,Región Metropolitana de Santiago
10606,Región Metropolitana de Santiago
10607,Región Metropolitana de Santiago
10608,Región Metropolitana de Santiago
10610,Región Metropolitana de Santiago
10618,Región Metropolitana de Santiago
10626,Región Metropolitana de Santiago
10628,Región Metropolitana de Santiago
10632,Región Metropolitana de Santiago
10638,Región Metropolitana de Santiago
10640,Región Metropolitana de Santiago
10641,Región Metropolitana de Santiago
10642,Región Metropolitana de Santiago
10645,Región Metropolitana de Santiago
10646,Región Metropolitana de Santiago
10658,Región Metropolitana de Santiago
10662,Región Metropolitana de Santiago
10663,Región Metropolitana de Santiago
10665,Región Metropolitana de Santiago
10666,Región Metropolitana de Santiago
10667,Región Metropolitana de Santiago
10669,Región Metropolitana de Santiago
10685,Región Metropolitana de Santiago
10686,Región Metropolitana de Santiago
10696,Región Metropolitana de Santiago
10697,Región Metropolitana de Santiago
10699,Región Metropolitana de Santiago
10710,Región Metropolitana de Santiago
10711,Región Metropolitana de Santiago
10713,Región Metropolitana de Santiago
10715,Región Metropolitana de Santiago
10717,Región Metropolitana de Santiago
10721,Región Metropolitana de Santiago
10723,Región Metropolitana de Santiago
10725,Región Metropolitana de Santiago
10726,Región Metropolitana de Santiago
10727,Región Metropolitana de Santiago
10734,Región Metropolitana de Santiago
10735,Región Metropolitana de Santiago
10746,Región Metropolitana de Santiago
10749,Región Metropolitana de Santiago
10751,Región Metropolitana de Santiago
10757,Región Metropolitana de Santiago
10772,Región Metropolitana de Santiago
10773,Región Metropolitana de Santiago
10780,Región Metropolitana de Santiago
10781,Región Metropolitana de Santiago
10783,Región Metropolitana de Santiago
10792,Región Metropolitana de Santiago
10828,Región Metropolitana de Santiago
10829,Región Metropolitana de Santiago
10830,Región Metropolitana de Santiago
10831,Región Metropolitana de Santiago
10832,Región Metropolitana de Santiago
10833,Región Metropolitana de Santiago
10845,Región Metropolitana de Santiago
10851,Región Metropolitana de Santiago
10854,Región Metropolitana de Santiago
10873,Región Metropolitana de Santiago
10892,Región de Arica y Parinacota
10901,Región de Tarapacá
10906,Región de Arica y Parinacota
10911,Región de Arica y Parinacota
10915,Región de Arica y Parinacota
10917,Región de Tarapacá
10962,Región de Antofagasta
10967,Región de Antofagasta
10968,Región de Antofagasta
10970,Región de Antofagasta
11034,Región de Atacama
11038,Región de Atacama
11105,Región de Coquimbo
11106,Región de Coquimbo
11110,Región de Coquimbo
11111,Región de Coquimbo
11130,Región de Coquimbo
11133,Región de Coquimbo
11139,Región de Coquimbo
11144,Región de Coquimbo
11145,Región de Coquimbo
11155,Región de Coquimbo
11157,Región de Coquimbo
11177,Región de Valparaíso
11199,Región de Valparaíso
11209,Región Metropolitana de Santiago
11217,Región Metropolitana de Santiago
11240,Región de Valparaíso
11248,Región del Libertador Bernardo O'Higgins
11256,Región Metropolitana de Santiago
11265,Región Metropolitana de Santiago
11287,Región del Libertador Bernardo O'Higgins
11336,Región del Maule
11348,Región del Maule
11397,Región de Ñuble
11400,Región del Bío-Bío
11430,Región del Bío-Bío
11498,Región de La Araucanía
11527,Región de La Araucanía
11591,Región de Los Ríos
11608,Región de Aysén del Gral.Ibañez del Campo
11678,Región de Magallanes y Antártica Chilena
11680,Región de Magallanes y Antártica Chilena
11706,Región de Ñuble
11709,Región de Ñuble
11712,Región del Bío-Bío
11716,Región del Bío-Bío
11805,Región Metropolitana de Santiago
11812,Región Metropolitana de Santiago
11818,Región Metropolitana de Santiago
11831,Región Metropolitana de Santiago
11843,Región Metropolitana de Santiago
11851,Región Metropolitana de Santiago
11867,Región Metropolitana de Santiago
11883,Región Metropolitana de Santiago
11918,Región Metropolitana de Santiago
11931,Región Metropolitana de Santiago
11936,Región Metropolitana de Santiago
11950,Región Metropolitana de Santiago
11965,Región Metropolitana de Santiago
11993,Región Metropolitana de Santiago
11994,Región Metropolitana de Santiago
12001,Región de Ñuble
12004,Región del Bío-Bío
12005,Región del Bío-Bío
12006,Región de Ñuble
12027,Región de Ñuble
12031,Región del Bío-Bío
12032,Región del Bío-Bío
12033,Región de Ñuble
12037,Región del Bío-Bío
12046,Región de Ñuble
12050,Región de Ñuble
12059,Región del Bío-Bío
12062,Región de Ñuble
12077,Región Metropolitana de Santiago
12085,Región Metropolitana de Santiago
12111,Región Metropolitana de Santiago
12115,Región Metropolitana de Santiago
12117,Región Metropolitana de Santiago
12151,Región Metropolitana de Santiago
12177,Región de Valparaíso
12183,Región de Los Ríos
12185,Región de Los Ríos
12192,Región de Los Lagos
12217,Región Metropolitana de Santiago
12225,Región Metropolitana de Santiago
12241,Región Metropolitana de Santiago
12242,Región Metropolitana de Santiago
12244,Región Metropolitana de Santiago
12260,Región Metropolitana de Santiago
12301,Región Metropolitana de Santiago
12305,Región Metropolitana de Santiago
12309,Región de Valparaíso
12312,Región Metropolitana de Santiago
12332,Región de Valparaíso
12336,Región de Valparaíso
12368,Región de La Araucanía
12509,Región de Tarapacá
12515,Región de Tarapacá
12518,Región de Tarapacá
12534,Región de Tarapacá
12547,Región de Arica y Parinacota
12551,Región de Tarapacá
12566,Región de Tarapacá
12573,Región de Tarapacá
12587,Región de Arica y Parinacota
12590,Región de Tarapacá
12591,Región de Tarapacá
12594,Región de Tarapacá
12602,Región de Tarapacá
12603,Región de Tarapacá
12604,Región de Tarapacá
12605,Región de Tarapacá
12610,Región de Arica y Parinacota
12630,Región de Arica y Parinacota
12631,Región de Tarapacá
12632,Región de Tarapacá
12649,Región de Tarapacá
12650,Región de Tarapacá
12652,Región de Tarapacá
12655,Región de Tarapacá
12658,Región de Arica y Parinacota
12667,Región de Tarapacá
12672,Región de Tarapacá
12686,Región de Tarapacá
12712,Región de Arica y Parinacota
12713,Región de Arica y Parinacota
12716,Región de Arica y Parinacota
12719,Región de Tarapacá
12720,Región de Arica y Parinacota
12741,Región de Tarapacá
12747,Región de Tarapacá
12749,Región de Tarapacá
12759,Región de Tarapacá
12762,Región de Tarapacá
12767,Región de Ñuble
12775,Región Metropolitana de Santiago
12779,Región de Coquimbo
12800,Región de Antofagasta
12802,Región de Antofagasta
12823,Región de Antofagasta
12830,Región de Antofagasta
12836,Región de Antofagasta
12837,Región de Antofagasta
12838,Región de Antofagasta
12842,Región de Antofagasta
12851,Región de Antofagasta
12853,Región de Antofagasta
12855,Región de Antofagasta
12868,Región de Antofagasta
12885,Región de Antofagasta
12891,Región de Antofagasta
12935,Región de Antofagasta
12943,Región de Antofagasta
12958,Región de Antofagasta
12961,Región de Antofagasta
12963,Región de Antofagasta
12970,Región de Antofagasta
12977,Región de Antofagasta
12980,Región de Antofagasta
13103,Región de Atacama
13112,Región de Atacama
13145,Región de Atacama
13146,Región de Atacama
13156,Región de Atacama
13168,Región de Atacama
13178,Región de Atacama
13185,Región de Atacama
13188,Región de Atacama
13202,Región de Atacama
13220,Región Metropolitana de Santiago
13305,Región de Coquimbo
13313,Región de Coquimbo
13314,Región de Coquimbo
13324,Región de Coquimbo
13330,Región de Coquimbo
13333,Región de Coquimbo
13341,Región de Coquimbo
13344,Región de Coquimbo
13352,Región de Coquimbo
13356,Región de Coquimbo
13360,Región de Coquimbo
13361,Región de Coquimbo
13372,Región de Coquimbo
13373,Región de Coquimbo
13383,Región de Coquimbo
13384,Región de Coquimbo
13388,Región de Coquimbo
13394,Región de Coquimbo
13417,Región de Coquimbo
13420,Región de Coquimbo
13426,Región de Coquimbo
13427,Región de Coquimbo
13439,Región de Coquimbo
13442,Región de Coquimbo
13445,Región de Coquimbo
13446,Región de Coquimbo
13461,Región de Coquimbo
13462,Región de Coquimbo
13475,Región de Coquimbo
13486,Región de Coquimbo
13489,Región de Coquimbo
13491,Región de Coquimbo
13503,Región de Coquimbo
13504,Región de Coquimbo
13513,Región de Coquimbo
13535,Región de Coquimbo
13542,Región de Coquimbo
13545,Región de Coquimbo
13551,Región de Coquimbo
13553,Región de Coquimbo
13558,Región de Coquimbo
13561,Región de Coquimbo
13565,Región de Coquimbo
13573,Región de Coquimbo
13576,Región de Coquimbo
13582,Región de Coquimbo
13590,Región de Coquimbo
13604,Región de Coquimbo
13606,Región de Coquimbo
13610,Región de Coquimbo
13621,Región de Coquimbo
13626,Región de Coquimbo
13627,Región de Coquimbo
13633,Región de Coquimbo
14202,Región de Valparaíso
14206,Región de Valparaíso
14210,Región de Valparaíso
14211,Región Metropolitana de Santiago
14232,Región Metropolitana de Santiago
14233,Región Metropolitana de Santiago
14237,Región Metropolitana de Santiago
14265,Región Metropolitana de Santiago
14266,Región Metropolitana de Santiago
14270,Región de Valparaíso
14284,Región Metropolitana de Santiago
14288,Región Metropolitana de Santiago
14299,Región Metropolitana de Santiago
14313,Región Metropolitana de Santiago
14314,Región Metropolitana de Santiago
14315,Región Metropolitana de Santiago
14316,Región Metropolitana de Santiago
14332,Región de Valparaíso
14336,Región Metropolitana de Santiago
14348,Región Metropolitana de Santiago
14359,Región Metropolitana de Santiago
14363,Región Metropolitana de Santiago
14365,Región Metropolitana de Santiago
14373,Región Metropolitana de Santiago
14375,Región Metropolitana de Santiago
14381,Región Metropolitana de Santiago
14387,Región Metropolitana de Santiago
14397,Región de Valparaíso
14413,Región Metropolitana de Santiago
14416,Región de Valparaíso
14418,Región Metropolitana de Santiago
14420,Región de Valparaíso
14453,Región Metropolitana de Santiago
14470,Región Metropolitana de Santiago
14487,Región de Valparaíso
14490,Región Metropolitana de Santiago
14494,Región Metropolitana de Santiago
14504,Región de Valparaíso
14506,Región de Valparaíso
14510,Región Metropolitana de Santiago
14511,Región Metropolitana de Santiago
14514,Región Metropolitana de Santiago
14523,Región Metropolitana de Santiago
14526,Región de Valparaíso
14527,Región Metropolitana de Santiago
14534,Región Metropolitana de Santiago
14537,Región de Valparaíso
14538,Región Metropolitana de Santiago
14541,Región Metropolitana de Santiago
14552,Región Metropolitana de Santiago
14565,Región de Valparaíso
14568,Región Metropolitana de Santiago
14580,Región Metropolitana de Santiago
14594,Región de Valparaíso
14599,Región Metropolitana de Santiago
14605,Región de Valparaíso
14606,Región Metropolitana de Santiago
14608,Región Metropolitana de Santiago
14614,Región de Valparaíso
14616,Región Metropolitana de Santiago
14622,Región Metropolitana de Santiago
14626,Región Metropolitana de Santiago
14629,Región Metropolitana de Santiago
14641,Región Metropolitana de Santiago
14642,Región Metropolitana de Santiago
14643,Región Metropolitana de Santiago
14659,Región Metropolitana de Santiago
14670,Región de Valparaíso
14671,Región de Valparaíso
14673,Región de Valparaíso
14674,Región Metropolitana de Santiago
14675,Región de Atacama
14677,Región Metropolitana de Santiago
14687,Región Metropolitana de Santiago
14697,Región de Valparaíso
14699,Región Metropolitana de Santiago
14703,Región Metropolitana de Santiago
14716,Región Metropolitana de Santiago
14717,Región Metropolitana de Santiago
14720,Región Metropolitana de Santiago
14750,Región de Valparaíso
14751,Región Metropolitana de Santiago
14770,Región de Valparaíso
14773,Región Metropolitana de Santiago
14775,Región Metropolitana de Santiago
14778,Región Metropolitana de Santiago
14779,Región Metropolitana de Santiago
14782,Región de Valparaíso
14783,Región Metropolitana de Santiago
14788,Región Metropolitana de Santiago
14790,Región Metropolitana de Santiago
14818,Región Metropolitana de Santiago
14819,Región de Valparaíso
14820,Región de Valparaíso
14822,Región de Valparaíso
14823,Región de Valparaíso
14825,Región Metropolitana de Santiago
14856,Región de Valparaíso
14860,Región de Atacama
14865,Región Metropolitana de Santiago
14866,Región de Valparaíso
14868,Región de Valparaíso
14870,Región Metropolitana de Santiago
14877,Región de Valparaíso
14879,Región de Valparaíso
14885,Región de Valparaíso
14901,Región de Valparaíso
14912,Región Metropolitana de Santiago
14913,Región de Valparaíso
14922,Región Metropolitana de Santiago
14923,Región Metropolitana de Santiago
14953,Región Metropolitana de Santiago
15502,Región del Libertador Bernardo O'Higgins
15522,Región del Libertador Bernardo O'Higgins
15544,Región del Libertador Bernardo O'Higgins
15554,Región Metropolitana de Santiago
15583,Región del Libertador Bernardo O'Higgins
15589,Región del Libertador Bernardo O'Higgins
15596,Región del Libertador Bernardo O'Higgins
15600,Región Metropolitana de Santiago
15601,Región del Libertador Bernardo O'Higgins
15610,Región del Libertador Bernardo O'Higgins
15621,Región del Libertador Bernardo O'Higgins
15624,Región del Libertador Bernardo O'Higgins
15627,Región Metropolitana de Santiago
15633,Región del Libertador Bernardo O'Higgins
15643,Región Metropolitana de Santiago
15646,Región Metropolitana de Santiago
15657,Región del Libertador Bernardo O'Higgins
15662,Región Metropolitana de Santiago
15664,Región del Libertador Bernardo O'Higgins
15676,Región Metropolitana de Santiago
15682,Región Metropolitana de Santiago
15683,Región del Libertador Bernardo O'Higgins
15684,Región del Libertador Bernardo O'Higgins
15690,Región Metropolitana de Santiago
15700,Región Metropolitana de Santiago
15719,Región Metropolitana de Santiago
15720,Región del Libertador Bernardo O'Higgins
15722,Región del Libertador Bernardo O'Higgins
15731,Región del Libertador Bernardo O'Higgins
15739,Región del Libertador Bernardo O'Higgins
15744,Región del Libertador Bernardo O'Higgins
15745,Región del Libertador Bernardo O'Higgins
15746,Región Metropolitana de Santiago
15750,Región Metropolitana de Santiago
15758,Región del Libertador Bernardo O'Higgins
15759,Región Metropolitana de Santiago
15767,Región Metropolitana de Santiago
15769,Región Metropolitana de Santiago
15770,Región del Libertador Bernardo O'Higgins
15774,Región del Libertador Bernardo O'Higgins
15775,Región Metropolitana de Santiago
15781,Región Metropolitana de Santiago
15787,Región del Libertador Bernardo O'Higgins
15792,Región Metropolitana de Santiago
15793,Región Metropolitana de Santiago
15808,Región del Libertador Bernardo O'Higgins
15809,Región Metropolitana de Santiago
15817,Región Metropolitana de Santiago
15820,Región del Libertador Bernardo O'Higgins
15832,Región del Libertador Bernardo O'Higgins
15840,Región Metropolitana de Santiago
15843,Región del Libertador Bernardo O'Higgins
16410,Región del Maule
16415,Región del Libertador Bernardo O'Higgins
16417,Región del Libertador Bernardo O'Higgins
16424,Región del Maule
16427,Región del Maule
16432,Región del Maule
16434,Región del Maule
16441,Región del Maule
16443,Región del Maule
16446,Región del Maule
16448,Región del Libertador Bernardo O'Higgins
16452,Región del Libertador Bernardo O'Higgins
16459,Región del Maule
16461,Región del Maule
16462,Región del Maule
16467,Región del Maule
16469,Región del Maule
16476,Región del Maule
16477,Región del Libertador Bernardo O'Higgins
16485,Región del Maule
16488,Región del Maule
16489,Región del Maule
16494,Región del Libertador Bernardo O'Higgins
16502,Región del Libertador Bernardo O'Higgins
16507,Región del Maule
16508,Región del Libertador Bernardo O'Higgins
16509,Región del Libertador Bernardo O'Higgins
16512,Región del Libertador Bernardo O'Higgins
16520,Región del Libertador Bernardo O'Higgins
16535,Región del Libertador Bernardo O'Higgins
16541,Región del Libertador Bernardo O'Higgins
16549,Región del Libertador Bernardo O'Higgins
16551,Región del Libertador Bernardo O'Higgins
16564,Región del Libertador Bernardo O'Higgins
16570,Región del Libertador Bernardo O'Higgins
16582,Región del Libertador Bernardo O'Higgins
16583,Región del Libertador Bernardo O'Higgins
16587,Región del Libertador Bernardo O'Higgins
16588,Región del Libertador Bernardo O'Higgins
16600,Región del Libertador Bernardo O'Higgins
16604,Región del Maule
16608,Región del Libertador Bernardo O'Higgins
16625,Región del Maule
16627,Región del Maule
16634,Región del Libertador Bernardo O'Higgins
16642,Región del Maule
16644,Región del Maule
16652,Región del Libertador Bernardo O'Higgins
16676,Región del Maule
16677,Región del Maule
16678,Región del Maule
16685,Región del Maule
16697,Región del Libertador Bernardo O'Higgins
16716,Región del Libertador Bernardo O'Higgins
16728,Región del Maule
16729,Región del Libertador Bernardo O'Higgins
16730,Región del Libertador Bernardo O'Higgins
16744,Región del Maule
16748,Región del Maule
16749,Región del Maule
16751,Región del Maule
16754,Región del Libertador Bernardo O'Higgins
16756,Región del Maule
16757,Región del Libertador Bernardo O'Higgins
16780,Región del Bío-Bío
16793,Región de Ñuble
16798,Región Metropolitana de Santiago
16807,Región Metropolitana de Santiago
16825,Región Metropolitana de Santiago
16830,Región Metropolitana de Santiago
16843,Región de La Araucanía
16844,Región de La Araucanía
16851,Región Metropolitana de Santiago
16856,Región del Maule
16886,Región Metropolitana de Santiago
16919,Región de Ñuble
16923,Región de Los Lagos
16932,Región Metropolitana de Santiago
16942,Región de La Araucanía
16945,Región de Valparaíso
16955,Región Metropolitana de Santiago
16958,Región Metropolitana de Santiago
16970,Región de La Araucanía
16985,Región de Los Lagos
16997,Región Metropolitana de Santiago
17600,Región del Bío-Bío
17605,Región del Bío-Bío
17607,Región de Ñuble
17635,Región de Ñuble
17643,Región del Bío-Bío
17652,Región de Ñuble
17657,Región de Ñuble
17660,Región de Ñuble
17662,Región de Ñuble
17687,Región del Bío-Bío
17703,Región de Ñuble
17708,Región de Ñuble
17719,Región del Bío-Bío
17725,Región de Ñuble
17728,Región del Bío-Bío
17734,Región de Ñuble
17735,Región de Ñuble
17736,Región del Bío-Bío
17737,Región de Ñuble
17746,Región de Ñuble
17750,Región de Ñuble
17765,Región de Ñuble
17772,Región del Bío-Bío
17778,Región del Bío-Bío
17779,Región de Ñuble
17782,Región de Ñuble
17788,Región de Ñuble
17790,Región del Bío-Bío
17793,Región de Ñuble
17794,Región de Ñuble
17800,Región de Ñuble
17812,Región de Ñuble
17817,Región del Bío-Bío
17818,Región de Ñuble
17833,Región de Ñuble
17838,Región de Ñuble
17843,Región de Ñuble
17848,Región de Ñuble
17850,Región de Ñuble
17854,Región de Ñuble
17855,Región de Ñuble
17857,Región de Ñuble
17858,Región de Ñuble
17859,Región de Ñuble
17860,Región de Ñuble
17876,Región de Ñuble
17877,Región del Bío-Bío
17885,Región de Ñuble
17892,Región de Ñuble
17895,Región de Ñuble
17900,Región de Ñuble
17902,Región de Ñuble
17903,Región de Ñuble
17907,Región de Ñuble
17908,Región de Ñuble
17912,Región de Ñuble
17915,Región de Ñuble
17918,Región del Bío-Bío
17920,Región de Ñuble
18004,Región del Bío-Bío
18017,Región de Ñuble
18028,Región de Ñuble
18034,Región del Bío-Bío
18035,Región de Ñuble
18037,Región del Bío-Bío
18049,Región de Ñuble
18050,Región del Bío-Bío
18066,Región de Ñuble
18075,Región del Bío-Bío
18080,Región del Bío-Bío
18087,Región de Ñuble
18090,Región del Bío-Bío
18097,Región de Ñuble
18099,Región de Ñuble
18112,Región de Ñuble
18114,Región de Ñuble
18124,Región de Ñuble
18126,Región de Ñuble
18128,Región del Bío-Bío
18149,Región de Ñuble
18172,Región de Ñuble
18181,Región de Ñuble
18199,Región de Ñuble
18216,Región de Ñuble
18218,Región de Ñuble
18220,Región de Ñuble
18237,Región de Ñuble
18249,Región del Bío-Bío
18251,Región de Ñuble
19906,Región de La Araucanía
19913,Región del Bío-Bío
19921,Región de La Araucanía
19925,Región de La Araucanía
19952,Región del Bío-Bío
19953,Región de La Araucanía
19954,Región de La Araucanía
19959,Región de La Araucanía
19968,Región de La Araucanía
19972,Región del Bío-Bío
19974,Región de La Araucanía
19981,Región de La Araucanía
19983,Región de La Araucanía
20008,Región del Bío-Bío
20016,Región de La Araucanía
20037,Región de La Araucanía
20041,Región de La Araucanía
20048,Región de La Araucanía
20052,Región del Bío-Bío
20053,Región de La Araucanía
20068,Región del Bío-Bío
20074,Región de La Araucanía
20085,Región de La Araucanía
20090,Región de La Araucanía
20095,Región de La Araucanía
20103,Región del Bío-Bío
20120,Región de La Araucanía
20127,Región de La Araucanía
20129,Región de La Araucanía
20137,Región de La Araucanía
20139,Región de La Araucanía
20153,Región de La Araucanía
20158,Región de La Araucanía
20159,Región de La Araucanía
20164,Región de La Araucanía
20167,Región de La Araucanía
20173,Región de La Araucanía
20175,Región de La Araucanía
20181,Región de La Araucanía
20184,Región de La Araucanía
20193,Región de La Araucanía
20194,Región del Bío-Bío
20205,Región de La Araucanía
20209,Región de La Araucanía
20212,Región de La Araucanía
20213,Región de La Araucanía
20219,Región de La Araucanía
20230,Región de La Araucanía
20248,Región de La Araucanía
20258,Región de La Araucanía
20260,Región de La Araucanía
20266,Región de La Araucanía
20274,Región de La Araucanía
20290,Región de La Araucanía
20298,Región Metropolitana de Santiago
20316,Región de Ñuble
20324,Región Metropolitana de Santiago
20330,Región del Libertador Bernardo O'Higgins
20348,Región Metropolitana de Santiago
20352,Región del Maule
20364,Región Metropolitana de Santiago
20376,Región de Los Lagos
20410,Región de Los Lagos
20424,Región de Ñuble
20436,Región Metropolitana de Santiago
20440,Región Metropolitana de Santiago
20461,Región de Ñuble
20466,Región del Maule
20475,Región Metropolitana de Santiago
20478,Región de Antofagasta
20507,Región Metropolitana de Santiago
22012,Región de Los Lagos
22014,Región de Los Ríos
22021,Región de Los Ríos
22022,Región de Los Lagos
22024,Región de Los Ríos
22027,Región de Los Lagos
22050,Región de Los Lagos
22065,Región de Los Lagos
22083,Región de Los Lagos
22084,Región de Los Ríos
22086,Región de Los Lagos
22113,Región de Los Ríos
22114,Región de Los Ríos
22140,Región de Los Ríos
22155,Región de Los Lagos
22160,Región de Los Ríos
22191,Región de Los Ríos
22192,Región de Los Lagos
22196,Región de Los Lagos
22200,Región de Los Lagos
22210,Región de Los Lagos
22211,Región de Los Lagos
22218,Región de Los Ríos
22224,Región de Los Ríos
22234,Región de Los Lagos
22236,Región de Los Ríos
22262,Región de Los Lagos
22271,Región de Los Ríos
22306,Región de Los Lagos
22309,Región de Los Lagos
22317,Región de Los Ríos
22322,Región de Los Lagos
22330,Región de Los Lagos
22339,Región de Los Ríos
22351,Región de Los Ríos
22356,Región de Los Lagos
22358,Región de Los Lagos
22372,Región de Los Lagos
22374,Región de Los Ríos
22380,Región de Los Lagos
22397,Región de Los Ríos
22398,Región de Los Ríos
22410,Región de Los Ríos
22415,Región de Los Ríos
22434,Región de Los Lagos
22436,Región de Los Ríos
22458,Región de Los Ríos
22459,Región de Los Ríos
22461,Región de Los Lagos
22462,Región de La Araucanía
22464,Región de Los Lagos
22478,Región de Los Lagos
22483,Región de La Araucanía
22494,Región de Los Lagos
22496,Región de Los Ríos
22499,Región de Los Lagos
22504,Región de Los Lagos
22505,Región de Los Lagos
22516,Región de Los Ríos
22535,Región de Los Lagos
22536,Región de Los Lagos
22540,Región de Los Ríos
22542,Región de Los Ríos
22543,Región de Los Lagos
22544,Región de Los Lagos
22553,Región de Los Lagos
22560,Región de Los Lagos
22564,Región de Los Ríos
22597,Región de Los Lagos
22602,Región de Los Lagos
22609,Región de Los Lagos
22626,Región de Los Ríos
22629,Región de Los Ríos
22634,Región de Los Ríos
22641,Región de Los Lagos
22655,Región de Los Lagos
22658,Región de Los Lagos
22664,Región de Los Lagos
22672,Región de Los Lagos
22674,Región de Los Lagos
22691,Región de Los Lagos
22692,Región de Los Lagos
22702,Región de Los Lagos
22707,Región de Los Ríos
22743,Región de Los Ríos
22752,Región de Los Ríos
22755,Región de Los Ríos
22758,Región de Los Ríos
22759,Región de Los Ríos
24201,Región de Aysén del Gral.Ibañez del Campo
24203,Región de Aysén del Gral.Ibañez del Campo
24204,Región de Aysén del Gral.Ibañez del Campo
24206,Región de Aysén del Gral.Ibañez del Campo
24207,Región de Aysén del Gral.Ibañez del Campo
24209,Región de Aysén del Gral.Ibañez del Campo
24212,Región de Aysén del Gral.Ibañez del Campo
24213,Región de Aysén del Gral.Ibañez del Campo
24224,Región de Aysén del Gral.Ibañez del Campo
24230,Región de Aysén del Gral.Ibañez del Campo
24231,Región de Aysén del Gral.Ibañez del Campo
24233,Región de Aysén del Gral.Ibañez del Campo
24240,Región de Aysén del Gral.Ibañez del Campo
24300,Región de Magallanes y Antártica Chilena
24305,Región de Magallanes y Antártica Chilena
24307,Región de Magallanes y Antártica Chilena
24316,Región de Magallanes y Antártica Chilena
24317,Región de Magallanes y Antártica Chilena
24327,Región de Magallanes y Antártica Chilena
24329,Región de Magallanes y Antártica Chilena
24338,Región de Magallanes y Antártica Chilena
24403,Región Metropolitana de Santiago
24405,Región Metropolitana de Santiago
24407,Región Metropolitana de Santiago
24410,Región Metropolitana de Santiago
24423,Región Metropolitana de Santiago
24426,Región Metropolitana de Santiago
24427,Región Metropolitana de Santiago
24438,Región Metropolitana de Santiago
24443,Región Metropolitana de Santiago
24444,Región Metropolitana de Santiago
24446,Región Metropolitana de Santiago
24473,Región Metropolitana de Santiago
24482,Región Metropolitana de Santiago
24486,Región Metropolitana de Santiago
24496,Región Metropolitana de Santiago
24498,Región Metropolitana de Santiago
24623,Región Metropolitana de Santiago
24626,Región Metropolitana de Santiago
24638,Región Metropolitana de Santiago
24648,Región Metropolitana de Santiago
24652,Región Metropolitana de Santiago
24675,Región Metropolitana de Santiago
24685,Región Metropolitana de Santiago
24686,Región Metropolitana de Santiago
24689,Región Metropolitana de Santiago
24713,Región Metropolitana de Santiago
24714,Región Metropolitana de Santiago
24717,Región Metropolitana de Santiago
24721,Región Metropolitana de Santiago
24730,Región Metropolitana de Santiago
24733,Región Metropolitana de Santiago
24756,Región Metropolitana de Santiago
24759,Región Metropolitana de Santiago
24766,Región Metropolitana de Santiago
24769,Región Metropolitana de Santiago
24790,Región Metropolitana de Santiago
24800,Región Metropolitana de Santiago
24812,Región Metropolitana de Santiago
24828,Región Metropolitana de Santiago
24843,Región Metropolitana de Santiago
24856,Región Metropolitana de Santiago
24864,Región Metropolitana de Santiago
24878,Región Metropolitana de Santiago
24885,Región Metropolitana de Santiago
24889,Región Metropolitana de Santiago
24892,Región Metropolitana de Santiago
24894,Región Metropolitana de Santiago
24898,Región Metropolitana de Santiago
24903,Región Metropolitana de Santiago
24913,Región Metropolitana de Santiago
24935,Región Metropolitana de Santiago
24946,Región Metropolitana de Santiago
24956,Región Metropolitana de Santiago
24963,Región Metropolitana de Santiago
24966,Región Metropolitana de Santiago
24978,Región Metropolitana de Santiago
24995,Región Metropolitana de Santiago
25012,Región Metropolitana de Santiago
25026,Región Metropolitana de Santiago
25027,Región Metropolitana de Santiago
25028,Región Metropolitana de Santiago
25032,Región Metropolitana de Santiago
25038,Región Metropolitana de Santiago
25050,Región Metropolitana de Santiago
25059,Región Metropolitana de Santiago
25061,Región Metropolitana de Santiago
25070,Región Metropolitana de Santiago
25071,Región Metropolitana de Santiago
25082,Región Metropolitana de Santiago
25084,Región Metropolitana de Santiago
25085,Región Metropolitana de Santiago
25091,Región Metropolitana de Santiago
25094,Región Metropolitana de Santiago
25095,Región Metropolitana de Santiago
25101,Región Metropolitana de Santiago
25114,Región Metropolitana de Santiago
25121,Región Metropolitana de Santiago
25132,Región Metropolitana de Santiago
25136,Región Metropolitana de Santiago
25138,Región Metropolitana de Santiago
25153,Región Metropolitana de Santiago
25160,Región Metropolitana de Santiago
25166,Región Metropolitana de Santiago
25171,Región Metropolitana de Santiago
25182,Región Metropolitana de Santiago
25185,Región Metropolitana de Santiago
25196,Región Metropolitana de Santiago
25197,Región Metropolitana de Santiago
25198,Región Metropolitana de Santiago
25215,Región Metropolitana de Santiago
25218,Región Metropolitana de Santiago
25220,Región Metropolitana de Santiago
25223,Región Metropolitana de Santiago
25238,Región Metropolitana de Santiago
25250,Región Metropolitana de Santiago
25256,Región Metropolitana de Santiago
25258,Región Metropolitana de Santiago
25265,Región Metropolitana de Santiago
25282,Región Metropolitana de Santiago
25300,Región Metropolitana de Santiago
25303,Región Metropolitana de Santiago
25304,Región Metropolitana de Santiago
25316,Región Metropolitana de Santiago
25328,Región Metropolitana de Santiago
25330,Región Metropolitana de Santiago
25342,Región Metropolitana de Santiago
25347,Región Metropolitana de Santiago
25349,Región Metropolitana de Santiago
25352,Región Metropolitana de Santiago
25359,Región Metropolitana de Santiago
25367,Región Metropolitana de Santiago
25368,Región Metropolitana de Santiago
25369,Región Metropolitana de Santiago
25371,Región Metropolitana de Santiago
25382,Región Metropolitana de Santiago
25386,Región Metropolitana de Santiago
25387,Región Metropolitana de Santiago
25389,Región Metropolitana de Santiago
25393,Región Metropolitana de Santiago
25395,Región Metropolitana de Santiago
25396,Región Metropolitana de Santiago
25402,Región Metropolitana de Santiago
25418,Región Metropolitana de Santiago
25434,Región Metropolitana de Santiago
25439,Región Metropolitana de Santiago
25442,Región Metropolitana de Santiago
25447,Región Metropolitana de Santiago
25448,Región Metropolitana de Santiago
25450,Región Metropolitana de Santiago
25454,Región Metropolitana de Santiago
25458,Región Metropolitana de Santiago
25462,Región Metropolitana de Santiago
25464,Región Metropolitana de Santiago
25471,Región Metropolitana de Santiago
25475,Región Metropolitana de Santiago
25480,Región Metropolitana de Santiago
25481,Región Metropolitana de Santiago
25482,Región Metropolitana de Santiago
25496,Región Metropolitana de Santiago
25501,Región Metropolitana de Santiago
25508,Región Metropolitana de Santiago
25509,Región Metropolitana de Santiago
25520,Región Metropolitana de Santiago
25523,Región Metropolitana de Santiago
25525,Región Metropolitana de Santiago
25526,Región Metropolitana de Santiago
25540,Región Metropolitana de Santiago
25541,Región Metropolitana de Santiago
25542,Región Metropolitana de Santiago
25543,Región Metropolitana de Santiago
25550,Región Metropolitana de Santiago
25556,Región Metropolitana de Santiago
25557,Región Metropolitana de Santiago
25558,Región Metropolitana de Santiago
25562,Región Metropolitana de Santiago
25571,Región Metropolitana de Santiago
25577,Región Metropolitana de Santiago
25580,Región Metropolitana de Santiago
25589,Región Metropolitana de Santiago
25591,Región Metropolitana de Santiago
25592,Región Metropolitana de Santiago
25599,Región Metropolitana de Santiago
25613,Región Metropolitana de Santiago
25615,Región Metropolitana de Santiago
25625,Región Metropolitana de Santiago
25644,Región Metropolitana de Santiago
25645,Región Metropolitana de Santiago
25655,Región Metropolitana de Santiago
25671,Región Metropolitana de Santiago
25676,Región Metropolitana de Santiago
25681,Región Metropolitana de Santiago
25692,Región Metropolitana de Santiago
25693,Región Metropolitana de Santiago
25695,Región Metropolitana de Santiago
25697,Región Metropolitana de Santiago
25700,Región Metropolitana de Santiago
25703,Región Metropolitana de Santiago
25704,Región Metropolitana de Santiago
25709,Región Metropolitana de Santiago
25711,Región Metropolitana de Santiago
25712,Región Metropolitana de Santiago
25713,Región Metropolitana de Santiago
25714,Región Metropolitana de Santiago
25716,Región Metropolitana de Santiago
25717,Región Metropolitana de Santiago
25718,Región Metropolitana de Santiago
25722,Región Metropolitana de Santiago
25725,Región Metropolitana de Santiago
25727,Región Metropolitana de Santiago
25737,Región Metropolitana de Santiago
25739,Región Metropolitana de Santiago
25749,Región Metropolitana de Santiago
25751,Región Metropolitana de Santiago
25766,Región Metropolitana de Santiago
25767,Región Metropolitana de Santiago
25770,Región Metropolitana de Santiago
25779,Región Metropolitana de Santiago
25781,Región Metropolitana de Santiago
25783,Región Metropolitana de Santiago
25790,Región Metropolitana de Santiago
25795,Región Metropolitana de Santiago
25798,Región Metropolitana de Santiago
25804,Región Metropolitana de Santiago
25814,Región Metropolitana de Santiago
25824,Región Metropolitana de Santiago
25826,Región Metropolitana de Santiago
25829,Región Metropolitana de Santiago
25839,Región Metropolitana de Santiago
25843,Región Metropolitana de Santiago
25850,Región Metropolitana de Santiago
25853,Región Metropolitana de Santiago
25855,Región Metropolitana de Santiago
25865,Región Metropolitana de Santiago
25882,Región Metropolitana de Santiago
25885,Región Metropolitana de Santiago
25894,Región Metropolitana de Santiago
25895,Región Metropolitana de Santiago
25899,Región Metropolitana de Santiago
25916,Región Metropolitana de Santiago
25919,Región Metropolitana de Santiago
25921,Región Metropolitana de Santiago
25922,Región Metropolitana de Santiago
25926,Región Metropolitana de Santiago
25929,Región Metropolitana de Santiago
25936,Región Metropolitana de Santiago
25944,Región Metropolitana de Santiago
25950,Región Metropolitana de Santiago
25954,Región Metropolitana de Santiago
25960,Región Metropolitana de Santiago
25961,Región Metropolitana de Santiago
25969,Región Metropolitana de Santiago
25976,Región Metropolitana de Santiago
25984,Región Metropolitana de Santiago
25988,Región Metropolitana de Santiago
25995,Región Metropolitana de Santiago
25999,Región Metropolitana de Santiago
26001,Región Metropolitana de Santiago
26006,Región Metropolitana de Santiago
26012,Región Metropolitana de Santiago
26017,Región Metropolitana de Santiago
26033,Región Metropolitana de Santiago
26035,Región Metropolitana de Santiago
26037,Región Metropolitana de Santiago
26045,Región Metropolitana de Santiago
26053,Región Metropolitana de Santiago
26075,Región Metropolitana de Santiago
26083,Región Metropolitana de Santiago
26084,Región Metropolitana de Santiago
26092,Región Metropolitana de Santiago
26094,Región Metropolitana de Santiago
26110,Región Metropolitana de Santiago
26115,Región Metropolitana de Santiago
26117,Región Metropolitana de Santiago
26135,Región Metropolitana de Santiago
26137,Región Metropolitana de Santiago
26150,Región Metropolitana de Santiago
26157,Región Metropolitana de Santiago
26164,Región Metropolitana de Santiago
26168,Región Metropolitana de Santiago
26209,Región Metropolitana de Santiago
26219,Región Metropolitana de Santiago
26250,Región Metropolitana de Santiago
26254,Región Metropolitana de Santiago
26260,Región Metropolitana de Santiago
26269,Región Metropolitana de Santiago
26271,Región Metropolitana de Santiago
26274,Región Metropolitana de Santiago
26292,Región Metropolitana de Santiago
26303,Región Metropolitana de Santiago
26324,Región Metropolitana de Santiago
26362,Región Metropolitana de Santiago
26365,Región Metropolitana de Santiago
26367,Región Metropolitana de Santiago
26368,Región Metropolitana de Santiago
26372,Región Metropolitana de Santiago
26378,Región Metropolitana de Santiago
26379,Región Metropolitana de Santiago
26381,Región Metropolitana de Santiago
26383,Región Metropolitana de Santiago
26384,Región Metropolitana de Santiago
26405,Región Metropolitana de Santiago
26411,Región Metropolitana de Santiago
26416,Región Metropolitana de Santiago
26436,Región Metropolitana de Santiago
26454,Región Metropolitana de Santiago
26465,Región Metropolitana de Santiago
26466,Región Metropolitana de Santiago
26501,Región Metropolitana de Santiago
26503,Región Metropolitana de Santiago
26538,Región Metropolitana de Santiago
26543,Región Metropolitana de Santiago
30001,Región de Arica y Parinacota
30003,Región de Arica y Parinacota
31002,Región de La Araucanía
31010,Región de Los Ríos
31012,Región de Los Ríos
31030,Región Metropolitana de Santiago
31037,Región Metropolitana de Santiago
31052,Región Metropolitana de Santiago
31064,Región Metropolitana de Santiago
31065,Región Metropolitana de Santiago
31066,Región Metropolitana de Santiago
31068,Región Metropolitana de Santiago
31071,Región Metropolitana de Santiago
31074,Región Metropolitana de Santiago
31078,Región Metropolitana de Santiago
31080,Región Metropolitana de Santiago
31083,Región Metropolitana de Santiago
31084,Región de Ñuble
31085,Región de Ñuble
31087,Región de Ñuble
31103,Región de Ñuble
31106,Región del Bío-Bío
31107,Región de Ñuble
31110,Región de Ñuble
31116,Región de Ñuble
31128,Región de Ñuble
31130,Región de Ñuble
31153,Región Metropolitana de Santiago
31161,Región Metropolitana de Santiago
31175,Región Metropolitana de Santiago
31194,Región de Coquimbo
31203,Región de Coquimbo
31253,Región Metropolitana de Santiago
31260,Región Metropolitana de Santiago
31262,Región Metropolitana de Santiago
31264,Región Metropolitana de Santiago
31274,Región Metropolitana de Santiago
31278,Región Metropolitana de Santiago
31290,Región Metropolitana de Santiago
31293,Región Metropolitana de Santiago
31294,Región Metropolitana de Santiago
31295,Región Metropolitana de Santiago
31299,Región Metropolitana de Santiago
31327,Región Metropolitana de Santiago
31340,Región de Antofagasta
31342,Región de Antofagasta
31343,Región de Antofagasta
31345,Región de Antofagasta
31378,Región Metropolitana de Santiago
31379,Región Metropolitana de Santiago
31388,Región Metropolitana de Santiago
31421,Región Metropolitana de Santiago
31432,Región Metropolitana de Santiago
31495,Región Metropolitana de Santiago
31509,Región Metropolitana de Santiago
40024,Región Metropolitana de Santiago
40025,Región del Libertador Bernardo O'Higgins
40027,Región Metropolitana de Santiago
40029,Región de Coquimbo
40042,Región Metropolitana de Santiago
40064,Región de Coquimbo
40065,Región Metropolitana de Santiago
40080,Región del Libertador Bernardo O'Higgins
40099,Región de Valparaíso
40102,Región de La Araucanía
40110,Región de La Araucanía
40114,Región del Libertador Bernardo O'Higgins
40126,Región de Coquimbo
40155,Región Metropolitana de Santiago
40194,Región de Coquimbo
40208,Región de Coquimbo
40230,Región de Arica y Parinacota
40231,Región de Coquimbo
40251,Región Metropolitana de Santiago
40252,Región Metropolitana de Santiago
40256,Región de Los Lagos
40284,Región de Los Ríos
40285,Región de Los Lagos
40289,Región Metropolitana de Santiago
40295,Región de Tarapacá
40298,Región de Coquimbo
40299,Región Metropolitana de Santiago
40301,Región de Los Lagos
40305,Región de Valparaíso
40310,Región Metropolitana de Santiago
40316,Región de Los Lagos
40319,Región de Coquimbo
40320,Región de Tarapacá
40340,Región de Atacama
40343,Región de Los Lagos
40351,Región de Los Lagos
40352,Región de Valparaíso
40370,Región de Valparaíso
40371,Región del Libertador Bernardo O'Higgins
40399,Región de Tarapacá
40422,Región de Tarapacá
40436,Región Metropolitana de Santiago
40457,Región de Los Lagos
41135,Región Metropolitana de Santiago
41617,Región Metropolitana de Santiago
41658,Región de Ñuble
41899,Región del Bío-Bío
42304,Región Metropolitana de Santiago
42364,Región de Coquimbo
42377,Región de La Araucanía
